{
    "Relative_Reflectance_accuracy": 0.30597014925373134,
    "Relative_Reflectance_z_ratio": 0.0,
    "overall_accuracy": 0.30597014925373134
}